-- MySQL dump 10.13  Distrib 5.1.68, for pc-linux-gnu (i686)
--
-- Host: localhost    Database: alan_accent
-- ------------------------------------------------------
-- Server version	5.1.68-cll

/*!40101 SET @OLD_CHARACTER_SET_CLIENT=@@CHARACTER_SET_CLIENT */;
/*!40101 SET @OLD_CHARACTER_SET_RESULTS=@@CHARACTER_SET_RESULTS */;
/*!40101 SET @OLD_COLLATION_CONNECTION=@@COLLATION_CONNECTION */;
/*!40101 SET NAMES utf8 */;
/*!40103 SET @OLD_TIME_ZONE=@@TIME_ZONE */;
/*!40103 SET TIME_ZONE='+00:00' */;
/*!40014 SET @OLD_UNIQUE_CHECKS=@@UNIQUE_CHECKS, UNIQUE_CHECKS=0 */;
/*!40014 SET @OLD_FOREIGN_KEY_CHECKS=@@FOREIGN_KEY_CHECKS, FOREIGN_KEY_CHECKS=0 */;
/*!40101 SET @OLD_SQL_MODE=@@SQL_MODE, SQL_MODE='NO_AUTO_VALUE_ON_ZERO' */;
/*!40111 SET @OLD_SQL_NOTES=@@SQL_NOTES, SQL_NOTES=0 */;

--
-- Table structure for table `appointment`
--

DROP TABLE IF EXISTS `appointment`;
/*!40101 SET @saved_cs_client     = @@character_set_client */;
/*!40101 SET character_set_client = utf8 */;
CREATE TABLE `appointment` (
  `id` int(11) NOT NULL AUTO_INCREMENT,
  `clientId` int(11) NOT NULL,
  `employeeId` int(11) NOT NULL,
  `date` date NOT NULL,
  `startTime` time NOT NULL,
  `endTime` time NOT NULL,
  `client` varchar(255) NOT NULL,
  PRIMARY KEY (`id`)
) ENGINE=MyISAM AUTO_INCREMENT=1236 DEFAULT CHARSET=latin1;
/*!40101 SET character_set_client = @saved_cs_client */;

--
-- Dumping data for table `appointment`
--

LOCK TABLES `appointment` WRITE;
/*!40000 ALTER TABLE `appointment` DISABLE KEYS */;
INSERT INTO `appointment` VALUES (50,0,5,'2013-03-14','11:15:00','11:30:00','Dixie'),(49,0,3,'2013-03-14','09:00:00','09:00:00','Jill is weird :-) '),(47,0,2,'2013-03-14','09:15:00','00:15:00','Poo Head'),(48,0,2,'2013-03-14','09:00:00','10:00:00','Jilly Bean Color'),(45,0,3,'2013-03-14','11:45:00','11:45:00','Sam'),(46,0,1,'2013-03-14','10:30:00','10:45:00','Mark'),(43,0,1,'2013-03-14','09:15:00','09:30:00','Alan Christensen'),(44,0,3,'2013-03-14','10:30:00','10:30:00','Dixie Marie Christensen'),(51,0,1,'2013-03-15','17:30:00','06:30:00','alan is a poohead'),(52,0,1,'2013-03-15','08:00:00','08:30:00','jill is a poohead'),(53,0,1,'2013-03-15','12:15:00','12:15:00','alan is a poohead'),(54,0,2,'2013-03-19','08:30:00','08:30:00','Alan'),(55,0,4,'2013-03-21','09:15:00','09:15:00','Chris'),(56,0,4,'2013-03-22','09:15:00','10:15:00','Jill'),(100,0,2,'2013-03-14','09:45:00','10:00:00','Dixie'),(99,0,4,'2013-03-30','11:30:00','11:45:00',''),(118,0,3,'2013-04-01','11:00:00','11:30:00','Alan'),(97,0,6,'2013-03-30','11:45:00','12:00:00','Mark is a poohead'),(96,0,2,'2013-03-30','10:15:00','10:15:00','Jill is a poo head'),(95,0,2,'2013-03-30','14:30:00','14:45:00','Dad'),(94,0,2,'2013-03-30','14:30:00','14:45:00','Dad'),(93,0,1,'2013-03-30','12:15:00','12:30:00','Mark'),(258,0,2,'2013-04-05','11:00:00','11:15:00','cynthia fill '),(91,0,0,'2013-03-30','09:45:00','10:00:00','Jill'),(120,0,3,'2013-04-02','10:00:00','11:00:00','Jill Color'),(101,0,4,'2013-03-14','09:15:00','09:30:00','Dixie'),(117,0,1,'2013-04-01','10:30:00','10:45:00','Jill '),(103,0,4,'2013-03-30','08:45:00','09:00:00','Alan David Christensen'),(104,0,3,'2013-03-30','09:00:00','09:15:00','Alan'),(105,0,3,'2013-03-30','09:00:00','09:15:00','Jill is a weirdo'),(106,0,2,'2013-03-30','09:15:00','09:30:00','Dixie'),(107,0,1,'2013-03-15','10:15:00','10:30:00','Jill'),(568,0,11,'2013-04-12','12:00:00','13:15:00','Alan'),(109,0,5,'2013-04-07','08:15:00','08:30:00','Josie Jean the Jumping Bean'),(1087,0,7,'2013-05-14','09:00:00','10:00:00','out'),(111,0,6,'2013-04-07','11:30:00','11:45:00','LuAnn'),(112,0,3,'2013-04-07','12:15:00','12:45:00','Janel'),(114,0,5,'2013-04-07','09:15:00','09:30:00','Alan'),(115,0,5,'2013-04-07','10:30:00','10:45:00','Alan'),(116,0,2,'2013-03-30','12:00:00','12:15:00','Jill is a weirdo'),(121,0,3,'2013-04-02','11:00:00','11:15:00','Jill Christensen'),(122,0,3,'2013-04-02','11:15:00','11:30:00','Color 6-4027'),(123,0,3,'2013-04-02','12:00:00','12:15:00','x'),(124,0,3,'2013-04-02','12:15:00','12:30:00','x'),(158,0,4,'2013-04-02','10:45:00','11:00:00','l'),(159,0,4,'2013-04-02','11:00:00','11:15:00','l'),(276,0,2,'2013-04-02','08:00:00','08:15:00','mmmmmmmmmmmmm'),(275,0,2,'2013-04-02','08:00:00','08:15:00','mmmmmmmmmmmmm'),(132,0,5,'2013-04-02','11:00:00','00:00:00','Jill Christensen Color 851-2353 R'),(134,0,3,'2013-04-02','09:00:00','09:15:00','Coleen S/S'),(135,0,3,'2013-04-02','09:30:00','09:45:00','Leah B/C'),(136,0,3,'2013-04-02','13:00:00','13:15:00','Lisa &amp; Baily'),(137,0,3,'2013-04-02','13:15:00','13:30:00','2 Colors'),(138,0,3,'2013-04-02','13:30:00','13:45:00','Long'),(139,0,3,'2013-04-02','13:45:00','14:00:00','896-4027'),(140,0,3,'2013-04-02','14:00:00','14:15:00','x'),(141,0,3,'2013-04-02','14:15:00','14:30:00','x'),(142,0,3,'2013-04-02','14:30:00','14:45:00','x'),(143,0,3,'2013-04-02','14:45:00','15:00:00','x'),(144,0,3,'2013-04-02','15:00:00','15:15:00','Fred h/c'),(145,0,3,'2013-04-02','15:30:00','15:45:00','Joe'),(146,0,3,'2013-04-02','16:00:00','16:15:00','John and Bill 2 Kids h/c'),(147,0,3,'2013-04-02','17:00:00','17:15:00','sally'),(148,0,3,'2013-04-02','17:15:00','17:30:00','updo'),(149,0,3,'2013-04-02','15:45:00','16:00:00','h/c'),(151,0,4,'2013-04-02','09:00:00','09:15:00','jill h/c'),(448,0,4,'2013-04-17','08:00:00','08:30:00','out'),(157,0,4,'2013-04-02','14:00:00','14:15:00','Windy color '),(154,0,4,'2013-04-02','10:30:00','10:45:00','sami'),(155,0,4,'2013-04-02','11:30:00','11:45:00','joan ss'),(156,0,4,'2013-04-02','14:00:00','14:15:00','Windy color '),(160,0,5,'2013-04-02','10:00:00','11:15:00','Chelynn Color 896-2043'),(161,0,1,'2013-04-02','11:30:00','11:45:00','Gwen Jensen h/c'),(162,0,1,'2013-04-02','12:30:00','12:45:00','Annabeth Jones Style'),(163,0,1,'2013-04-02','15:00:00','15:15:00','Sami'),(164,0,1,'2013-04-02','15:15:00','15:30:00','Highlights'),(165,0,1,'2013-04-02','15:30:00','15:45:00','896-0989'),(166,0,1,'2013-04-02','15:45:00','16:00:00','x'),(167,0,1,'2013-04-02','16:00:00','16:15:00','x'),(168,0,1,'2013-04-02','16:15:00','16:30:00','x'),(169,0,1,'2013-04-02','16:30:00','16:45:00','Louise SS'),(171,0,1,'2013-04-02','17:30:00','17:45:00','Chet Peretson h/c'),(172,0,1,'2013-04-02','13:00:00','14:00:00','Lynette Warner Color 201-4983'),(274,0,2,'2013-04-02','08:00:00','08:15:00','mmmmmmmmmmmmm'),(175,0,1,'2013-04-03','11:00:00','11:15:00','Sammi RoseQuist Color'),(179,0,1,'2013-04-03','12:15:00','12:30:00','x'),(178,0,1,'2013-04-03','12:00:00','12:15:00','x'),(180,0,1,'2013-04-03','12:30:00','12:45:00','Matt hc'),(181,0,1,'2013-04-03','13:00:00','13:15:00','Cathy Color (Long)'),(182,0,1,'2013-04-03','13:15:00','13:30:00','x'),(183,0,1,'2013-04-03','13:30:00','13:45:00','x'),(184,0,1,'2013-04-03','13:45:00','14:00:00','x'),(185,0,1,'2013-04-03','14:00:00','14:15:00','x'),(186,0,1,'2013-04-03','14:15:00','14:30:00','x'),(187,0,1,'2013-04-03','14:30:00','14:45:00','Dorothy SS'),(188,0,1,'2013-04-03','15:00:00','15:15:00','Guyla &amp; Husband h/cs'),(189,0,1,'2013-04-03','15:15:00','15:30:00','x'),(190,0,1,'2013-04-03','15:30:00','15:45:00','x'),(191,0,1,'2013-04-03','16:00:00','16:15:00','Erin Thompson 2 boys h/c'),(192,0,1,'2013-04-03','17:00:00','17:15:00','Louise SS'),(193,0,1,'2013-04-03','17:30:00','17:45:00','Chet Peterson h/c'),(194,0,2,'2013-04-03','09:00:00','09:15:00','Norma re-color'),(195,0,2,'2013-04-03','09:15:00','09:30:00','x'),(196,0,2,'2013-04-03','09:30:00','09:45:00','x'),(197,0,2,'2013-04-03','09:45:00','10:00:00','x'),(198,0,2,'2013-04-03','10:00:00','10:15:00','x'),(199,0,2,'2013-04-03','10:15:00','10:30:00','x'),(200,0,2,'2013-04-03','11:00:00','11:15:00','Liz Green re-color'),(201,0,2,'2013-04-03','11:15:00','11:30:00','x'),(202,0,2,'2013-04-03','11:30:00','11:45:00','Doris fix a nail'),(203,0,2,'2013-04-03','11:45:00','12:00:00','x'),(204,0,2,'2013-04-03','12:00:00','12:15:00','x'),(205,0,2,'2013-04-03','12:15:00','12:30:00','x'),(206,0,2,'2013-04-03','12:30:00','12:45:00','Lunch'),(207,0,2,'2013-04-03','13:30:00','13:45:00','Lala (sister) locks of love hc and highlights'),(208,0,2,'2013-04-03','14:00:00','14:15:00','x'),(209,0,2,'2013-04-03','14:15:00','14:30:00','x'),(210,0,2,'2013-04-03','14:30:00','14:45:00','x'),(211,0,2,'2013-04-03','14:45:00','15:00:00','x'),(212,0,2,'2013-04-03','15:00:00','15:15:00','Susan fill'),(213,0,2,'2013-04-03','15:15:00','15:30:00','x'),(214,0,2,'2013-04-03','15:30:00','15:45:00','x'),(215,0,2,'2013-04-03','15:45:00','16:00:00','x'),(1083,0,7,'2013-05-07','09:00:00','10:00:00','out'),(217,0,3,'2013-04-03','16:30:00','16:45:00','Sue Brady SS'),(218,0,4,'2013-04-03','09:00:00','10:15:00','Man hc'),(219,0,4,'2013-04-03','10:00:00','10:15:00','David hc'),(220,0,4,'2013-04-03','11:30:00','11:45:00','Joan SS'),(221,0,4,'2013-04-03','11:45:00','12:00:00','x'),(222,0,4,'2013-04-03','12:00:00','12:15:00','Julie Color'),(223,0,4,'2013-04-03','12:15:00','12:30:00','x'),(224,0,4,'2013-04-03','12:30:00','12:45:00','x'),(225,0,4,'2013-04-03','12:45:00','13:00:00','x'),(226,0,4,'2013-04-03','13:00:00','13:15:00','Susan Bagley 896-2989 h/c and style'),(227,0,4,'2013-04-03','15:00:00','15:15:00','Sami fix color'),(228,0,4,'2013-04-03','15:15:00','15:30:00','x'),(229,0,4,'2013-04-03','15:30:00','15:45:00','x'),(230,0,4,'2013-04-03','15:45:00','16:00:00','x'),(231,0,3,'2013-04-03','16:00:00','16:15:00','Leah SS'),(232,0,3,'2013-04-03','17:00:00','17:15:00','Lon h/c'),(233,0,4,'2013-04-03','10:30:00','10:45:00','Bonnie SS'),(234,0,4,'2013-04-03','13:30:00','13:45:00','Molly Color'),(235,0,4,'2013-04-03','13:45:00','14:00:00','x'),(236,0,4,'2013-04-03','14:00:00','14:15:00','x'),(237,0,4,'2013-04-03','14:15:00','14:30:00','x'),(238,0,4,'2013-04-03','16:30:00','16:45:00','Jackie h/c'),(239,0,4,'2013-04-03','11:00:00','11:15:00','Alan'),(240,0,4,'2013-04-03','11:15:00','11:30:00','x'),(241,0,7,'2013-04-03','13:00:00','13:15:00','Annabeth gel fill'),(242,0,7,'2013-04-03','13:15:00','13:30:00','x'),(243,0,7,'2013-04-03','13:30:00','13:45:00','x'),(244,0,7,'2013-04-03','13:45:00','14:00:00','x'),(245,0,7,'2013-04-03','14:00:00','14:15:00','x'),(246,0,7,'2013-04-03','14:15:00','14:30:00','x'),(247,0,7,'2013-04-03','15:00:00','15:15:00','Lisa Jones 896-4564 full set acrylic'),(248,0,7,'2013-04-03','15:30:00','15:45:00','x'),(249,0,7,'2013-04-03','15:45:00','16:00:00','x'),(250,0,7,'2013-04-03','16:30:00','16:45:00','Alisha gel toes 558-5856'),(251,0,5,'2013-04-03','09:15:00','10:30:00','Alan'),(252,0,5,'2013-04-03','10:00:00','11:15:00','Jill'),(253,0,5,'2013-04-03','11:15:00','11:45:00','Hello'),(254,0,5,'2013-04-03','11:30:00','09:45:00','here'),(255,0,5,'2013-07-14','08:00:00','08:15:00','Tell Christopher Happy Birthday!'),(256,0,1,'1963-02-12','08:00:00','08:15:00','Happy Birthday Dad!'),(257,0,1,'1962-07-12','08:00:00','08:15:00','Happy Birthday Dad!'),(259,0,2,'2013-04-05','11:15:00','11:30:00','x'),(260,0,2,'2013-04-05','13:15:00','13:30:00','barbra recolor '),(261,0,2,'2013-04-06','09:00:00','09:15:00','jaylynn full set '),(262,0,2,'2013-04-06','09:15:00','09:30:00',''),(263,0,2,'2013-04-06','08:45:00','09:00:00',''),(264,0,2,'2013-04-06','11:15:00','11:30:00',''),(283,0,3,'2013-04-08','13:15:00','13:45:00','New'),(284,0,3,'2013-04-08','11:15:00','12:30:00','Alan'),(285,0,5,'2013-04-08','11:15:00','12:30:00','Jill Christensen Hair 851-2353'),(270,0,2,'2013-04-08','11:00:00','13:30:00','Alan'),(272,0,1,'2013-04-08','09:15:00','10:00:00','Alan Christensen Hair  435-896-7954'),(273,0,4,'2013-04-08','08:00:00','10:15:00','Alan Christensen   6-7954'),(277,0,2,'2013-04-02','08:00:00','08:15:00','mmmmmmmmmmmmm'),(278,0,2,'2013-04-02','08:00:00','08:15:00','mmmmmmmmmmmmm'),(279,0,2,'2013-04-02','08:00:00','08:15:00','mmmmmmmmmmmmm'),(280,0,2,'2013-04-02','08:00:00','08:15:00','mmmmmmmmmmmmm'),(281,0,2,'2013-04-02','08:00:00','08:15:00','mmmmmmmmmmmmm'),(282,0,2,'2013-04-02','08:15:00','08:45:00','Alan Christensen Color'),(286,0,1,'2013-04-09','12:00:00','13:00:00','Lynette Warner Color 201-9478'),(287,0,1,'2013-04-09','13:00:00','14:30:00','Diane Perm @'),(288,0,1,'2013-04-09','14:30:00','15:30:00','Sandy Jones Color 633-3003'),(289,0,1,'2013-04-09','15:30:00','16:00:00','Holly Seabach h/c and style @'),(290,0,1,'2013-04-09','16:00:00','16:30:00','Lunch'),(291,0,1,'2013-04-09','16:30:00','17:30:00','Louise S/S'),(292,0,1,'2013-04-09','08:00:00','11:00:00','Out'),(293,0,2,'2013-04-09','08:00:00','09:00:00','Out'),(294,0,2,'2013-04-09','09:00:00','11:00:00','Jessie Re '),(295,0,2,'2013-04-09','12:30:00','13:00:00','Lunch'),(520,0,1,'2013-04-17','13:00:00','14:00:00','Marilyn style'),(297,0,1,'2013-04-17','08:15:00','00:00:00','Appointments'),(298,0,5,'2013-04-17','09:00:00','12:00:00','Out'),(300,0,5,'2013-04-17','12:00:00','13:00:00','Sandy Lashes'),(301,0,5,'2013-04-17','13:00:00','14:00:00','Dev'),(302,0,5,'2013-04-17','14:00:00','15:00:00','Carla lashes'),(528,0,2,'2013-04-18','08:00:00','09:00:00','out'),(304,0,5,'2013-04-17','16:00:00','17:00:00','Alexander'),(305,0,5,'2013-04-17','17:00:00','18:00:00','Out'),(325,0,5,'2013-04-10','08:00:00','18:00:00','Sugery Recovery'),(324,0,5,'2013-04-18','08:00:00','09:30:00','Out'),(310,0,5,'2013-04-18','09:30:00','10:30:00','Marty Lashes'),(311,0,5,'2013-04-18','10:30:00','12:00:00','Lynette Warner Lashes 201-9478'),(312,0,5,'2013-04-18','12:00:00','18:00:00','Out'),(535,0,1,'2013-04-19','10:00:00','10:30:00','Marilyn White ss house'),(314,0,1,'2013-04-19','08:15:00','09:00:00','out'),(391,0,1,'2013-04-20','08:00:00','09:00:00','out'),(316,0,3,'2013-04-09','09:00:00','11:00:00','Brandon hc'),(317,0,4,'2013-04-09','10:00:00','10:15:00','Brandon is a nerd'),(318,0,4,'2013-04-09','11:00:00','00:00:00','Alan '),(319,0,4,'2013-04-09','11:00:00','12:00:00','Alan @'),(321,0,7,'2013-04-09','11:00:00','12:00:00','mark pedi'),(322,0,6,'2013-04-09','12:00:00','12:30:00','karen mani'),(323,0,1,'2013-04-10','09:00:00','10:00:00','alan you need to add jeaneen and kat and kortney and teri to the list of employees'),(326,0,3,'2013-04-10','08:00:00','11:00:00','out'),(327,0,1,'2013-04-10','10:00:00','10:30:00','hkh'),(328,0,4,'2013-06-12','08:00:00','08:30:00','khjkh'),(329,0,1,'2013-04-11','08:00:00','11:00:00','out'),(330,0,1,'2013-04-11','14:00:00','14:30:00','Judy Thorsen h/c and style @'),(331,0,1,'2013-04-11','11:00:00','13:00:00','Amber Demille Color and Extensions and hc @'),(332,0,1,'2013-04-11','13:00:00','14:00:00','Lunch'),(424,0,1,'2013-04-11','15:00:00','16:00:00','Jill massage'),(334,0,1,'2013-04-11','16:00:00','16:30:00','Sasha Color'),(335,0,1,'2013-04-11','16:30:00','18:00:00','Romona Color (6 weeks) @'),(336,0,2,'2013-04-11','08:00:00','09:00:00','out'),(337,0,2,'2013-04-11','10:00:00','11:00:00','Phylis fill'),(338,0,2,'2013-04-11','11:00:00','12:30:00','Massage for me!'),(339,0,2,'2013-04-11','12:30:00','14:00:00','Angie Re color'),(340,0,2,'2013-04-11','14:30:00','15:00:00','mom hc'),(342,0,3,'2013-04-11','08:00:00','18:00:00','Out Alex\\\'s Program'),(344,0,4,'2013-04-11','10:00:00','11:00:00','massage 50 min'),(345,0,4,'2013-04-11','13:30:00','14:00:00','June Freeman hcss 21/'),(346,0,4,'2013-04-11','14:00:00','15:00:00','Bev color60 cc'),(388,0,1,'2013-04-16','08:00:00','11:00:00','out'),(348,0,4,'2013-04-11','15:00:00','15:30:00','leola ss 11 c'),(349,0,4,'2013-04-11','16:00:00','17:00:00','Rosetta color 55 cc kayla hc 14 cc'),(350,0,4,'2013-04-11','17:00:00','17:30:00','Cathy hc  ss 21 c'),(351,0,5,'2013-04-11','08:00:00','18:00:00','out recover from surgery next appointment 4/23'),(352,0,9,'2013-04-11','08:00:00','10:00:00','out'),(353,0,9,'2013-04-11','10:00:00','11:00:00','Sindy 2nd 50 min'),(354,0,9,'2013-04-11','11:00:00','00:30:00','jk'),(355,0,9,'2013-04-11','11:00:00','12:00:00','Mary Sister 50 min'),(356,0,9,'2013-04-11','12:00:00','13:00:00','Mary J 50 min'),(357,0,9,'2013-04-11','13:00:00','14:30:00','Mom 80 min'),(358,0,6,'2013-04-11','08:00:00','10:00:00','out'),(359,0,6,'2013-04-11','12:00:00','13:00:00','Lunch'),(360,0,7,'2013-04-11','08:00:00','10:00:00','out'),(361,0,7,'2013-04-11','10:00:00','11:00:00','Robert Pedi'),(362,0,7,'2013-04-11','11:00:00','12:00:00','Jeannie toes'),(409,0,9,'2013-04-18','08:00:00','09:00:00','out'),(364,0,7,'2013-04-11','14:00:00','15:30:00','Miranda fill'),(365,0,4,'2013-04-10','08:00:00','08:30:00','alan\\\'s'),(366,0,1,'2013-04-12','08:00:00','09:00:00','out'),(367,0,1,'2013-04-12','09:00:00','13:00:00','Help Marva with appointments'),(368,0,1,'2013-04-12','13:00:00','15:00:00','Jackie fix Color (lift red) @'),(369,0,1,'2013-04-12','15:00:00','16:00:00','Help Marva with appointments'),(370,0,1,'2013-04-12','17:30:00','18:00:00','Diane Freeman hc @'),(371,0,3,'2013-04-12','09:00:00','09:30:00','Colleen'),(372,0,3,'2013-04-12','11:00:00','11:30:00','Leah'),(373,0,3,'2013-04-12','13:30:00','14:00:00','Aleen SS'),(374,0,3,'2013-04-12','12:00:00','12:30:00','Marilyn White'),(375,0,3,'2013-04-12','10:00:00','10:30:00','Doloris'),(376,0,11,'2013-04-12','08:00:00','12:00:00','out'),(377,0,1,'2013-04-27','16:00:00','18:00:00','Dont forget Jill teach updo class at the college mon 29th at 8-10am'),(378,0,1,'2013-04-27','15:00:00','16:00:00','out'),(380,0,1,'2013-04-13','08:00:00','09:00:00','out'),(381,0,1,'2013-04-13','09:30:00','10:00:00','Maggie style'),(382,0,1,'2013-04-13','10:00:00','11:00:00','Gma s/s'),(383,0,1,'2013-04-13','15:00:00','18:00:00','out'),(384,0,2,'2013-04-13','13:00:00','15:00:00','out'),(385,0,3,'2013-04-13','08:00:00','15:30:00','out temple'),(386,0,7,'2013-04-13','08:00:00','08:30:00','out'),(387,0,2,'2013-04-13','08:00:00','09:00:00','out'),(914,0,1,'2013-04-20','11:00:00','12:30:00','Becky color @'),(392,0,1,'2013-04-20','15:00:00','18:00:00','out'),(395,0,4,'2013-04-11','08:00:00','10:00:00','out'),(396,0,4,'2013-04-11','08:00:00','10:00:00','out'),(397,0,4,'2013-04-11','11:00:00','01:00:00','out '),(398,0,4,'2013-04-11','11:00:00','01:00:00','out'),(399,0,4,'2013-04-11','11:00:00','01:00:00','Out'),(400,0,7,'2013-04-11','13:00:00','14:00:00','lunch'),(402,0,4,'2013-04-11','11:00:00','13:00:00','out'),(407,0,7,'2013-04-12','08:00:00','10:00:00','Out'),(405,0,7,'2013-04-12','11:00:00','00:30:00','Lu Dean /Mel pedi'),(406,0,7,'2013-04-12','11:00:00','12:30:00','Lu Dean /Mel pedi'),(408,0,7,'2013-04-12','12:30:00','13:00:00','lunch'),(922,0,5,'2013-05-08','09:00:00','09:30:00','Sandy Lashes'),(411,0,9,'2013-04-18','10:30:00','12:00:00','Judy 80 min hot stone dilo butter 201-9693'),(754,0,4,'2013-05-02','13:00:00','14:00:00','Joan Bagley 527-4600 perm'),(413,0,9,'2013-04-18','16:30:00','17:00:00','Dr. Lukenga'),(414,0,9,'2013-04-18','16:30:00','17:00:00','Dr. Lukenga'),(415,0,9,'2013-04-18','16:30:00','17:00:00','Dr. Lukenga  New card plus 10 for Aromatherapy'),(416,0,9,'2013-04-18','16:30:00','17:00:00','Dr. Lukenga  New card plus 10 for Aromatherapy'),(417,0,9,'2013-04-18','16:30:00','17:00:00','Dr. Lukenga  New card plus 10 for Aromatherapy'),(418,0,9,'2013-04-18','16:30:00','17:00:00','Dr. Lukenga  New card plus 10 for Aromatherapy'),(419,0,9,'2013-04-18','16:30:00','17:00:00','Dr. Lukenga   Aromatherapy'),(420,0,9,'2013-04-18','16:30:00','18:00:00','Dr. Lukenga  New card plus 10 for Aromatherapy'),(421,0,9,'2013-04-25','15:00:00','16:00:00','Beth'),(422,0,9,'2013-09-02','16:00:00','17:00:00','Nancy Curtis'),(423,0,9,'2013-04-25','17:00:00','18:00:00','Dr. Lukenga owes for new pass today $410         201-9578'),(425,0,7,'2013-04-16','09:00:00','10:30:00','out'),(426,0,7,'2013-04-17','09:00:00','10:30:00','out'),(427,0,7,'2013-04-16','11:00:00','00:30:00','Linda Ped'),(585,0,7,'2013-04-16','12:00:00','12:30:00','lunch'),(813,0,4,'2013-04-16','13:00:00','14:00:00','lunch'),(827,0,7,'2013-04-18','13:00:00','14:30:00','Annabeth gel fill'),(431,0,7,'2013-04-17','13:00:00','16:00:00','Marretta ped &amp; nails'),(432,0,7,'2013-04-18','09:00:00','10:30:00','out'),(433,0,7,'2013-04-23','09:00:00','18:00:00','out provo                                                                                                                                                                                                                       out of town'),(434,0,7,'2013-04-24','09:00:00','10:30:00','out'),(435,0,6,'2013-04-11','14:00:00','00:00:15','Amada color and haircut'),(436,0,6,'2013-04-11','15:30:00','16:00:00','Mike Haircut'),(437,0,6,'2013-04-11','16:00:00','16:30:00','Katie Haircut'),(438,0,6,'2013-04-11','16:30:00','17:00:00','Carlie Haircut'),(439,0,6,'2013-04-11','17:00:00','17:30:00','Zach haircut'),(440,0,6,'2013-04-11','17:30:00','18:00:00','Lora Lee haircut'),(443,0,6,'2013-04-11','02:00:00','03:30:00','Amada color and haircut'),(815,0,6,'2013-04-11','14:00:00','14:30:00','amada color and cut'),(445,0,9,'2013-04-11','15:15:00','15:45:00','jill '),(447,0,4,'2013-04-16','11:30:00','12:00:00','joan ss'),(449,0,4,'2013-04-17','11:30:00','12:00:00','june ellis ss 11/'),(450,0,4,'2013-04-18','08:00:00','01:00:00','out'),(452,0,4,'2013-04-18','15:00:00','15:30:00','leola '),(453,0,4,'2013-04-16','08:00:00','09:00:00','out'),(454,0,3,'2013-04-12','09:30:00','10:00:00','Sally'),(455,0,3,'2013-04-12','11:30:00','12:00:00','Susan ss'),(456,0,3,'2013-04-12','14:00:00','14:30:00','Coleen husband'),(457,0,3,'2013-04-12','14:30:00','15:00:00','bonnie hc and eyebrow'),(458,0,3,'2013-04-12','15:00:00','15:30:00','nancy hc 916-205-6426'),(459,0,3,'2013-04-12','15:30:00','16:00:00','Gay hc 896-6097'),(460,0,3,'2013-04-12','16:00:00','18:00:00','out'),(461,0,3,'2013-04-12','08:00:00','09:00:00','out'),(462,0,2,'2013-04-12','08:00:00','09:00:00','out'),(463,0,2,'2013-04-12','09:00:00','10:00:00','Dee acrylic fs'),(464,0,2,'2013-04-12','11:00:00','12:30:00','Lunch'),(465,0,2,'2013-04-12','13:00:00','13:30:00','Angie husband hc'),(466,0,2,'2013-04-12','14:00:00','15:00:00','Tamra fill'),(467,0,2,'2013-04-12','15:30:00','18:00:00','out ryan to salina'),(468,0,8,'2013-04-12','08:00:00','14:00:00','out'),(469,0,8,'2013-04-12','16:30:00','18:00:00','out'),(470,0,5,'2013-04-12','08:00:00','18:00:00','out'),(471,0,10,'2013-04-12','08:00:00','14:00:00','out'),(472,0,2,'2013-04-13','09:30:00','11:00:00','cindy gel fill'),(473,0,2,'2013-04-13','11:00:00','11:30:00','vivan bc'),(474,0,2,'2013-04-13','12:00:00','13:00:00','shanna fill'),(475,0,2,'2013-04-16','08:00:00','09:00:00','out'),(476,0,7,'2013-04-24','15:00:00','17:30:00','Michelle@'),(477,0,7,'2013-04-25','12:00:00','13:30:00','salon meeting'),(478,0,7,'2013-05-01','15:00:00','18:00:00','Shelley nails/toes'),(479,0,7,'2013-05-01','09:00:00','10:00:00','out'),(480,0,7,'2013-05-02','09:00:00','10:00:00','Out'),(481,0,7,'2013-05-02','12:30:00','13:00:00','out'),(482,0,3,'2013-04-16','08:00:00','15:30:00','out'),(483,0,3,'2013-04-17','08:00:00','10:00:00','out'),(484,0,3,'2013-04-17','12:30:00','16:00:00','with Rick'),(485,0,3,'2013-04-17','16:00:00','18:00:00','out'),(486,0,3,'2013-04-18','08:00:00','09:00:00','out'),(488,0,3,'2013-04-18','09:30:00','10:00:00','Dolores ss'),(489,0,3,'2013-04-26','09:00:00','09:30:00','Coleen'),(490,0,3,'2013-04-26','09:30:00','10:15:00','Sally'),(1019,0,9,'2013-04-25','14:00:00','14:50:00','kelsey 50 min gc'),(1020,0,3,'2013-04-26','11:00:00','11:30:00','Leah SS'),(493,0,3,'2013-04-26','11:30:00','12:00:00','Susan ss'),(494,0,3,'2013-04-26','12:00:00','13:00:00','Lunch'),(495,0,3,'2013-04-30','08:00:00','15:30:00','out'),(496,0,3,'2013-05-07','08:00:00','15:30:00','out'),(497,0,3,'2013-05-14','08:00:00','15:30:00','out'),(498,0,3,'2013-05-21','08:00:00','15:30:00','out'),(499,0,3,'2013-05-28','08:00:00','03:30:00','out'),(500,0,3,'2013-05-28','08:00:00','15:30:00','out'),(501,0,11,'2013-04-12','14:00:00','14:30:00','lori hc @'),(502,0,11,'2013-04-12','14:30:00','15:00:00','walkin hc'),(550,0,11,'2013-04-12','13:30:00','14:00:00','dude hc'),(504,0,10,'2013-04-12','14:00:00','14:30:00','2 boys hc'),(505,0,10,'2013-04-12','15:00:00','15:30:00','lexie hc'),(506,0,1,'2013-04-13','11:00:00','12:30:00','Lauren Benjamin highlites and hc 979-2321'),(507,0,1,'2013-04-13','14:00:00','15:00:00','Dorthy ss'),(508,0,10,'2013-04-13','08:00:00','10:00:00','out'),(509,0,1,'2013-04-13','13:00:00','13:30:00','colton hc @'),(590,0,1,'2013-05-08','11:00:00','13:00:00','out'),(511,0,1,'2013-04-16','11:00:00','12:30:00','Angie color melt touch up 896-3013'),(512,0,1,'2013-04-16','14:30:00','16:00:00','Melba perm and hc'),(513,0,4,'2013-04-16','09:00:00','11:00:00','jan  mathise perm long 201 9123 $62 cc'),(514,0,8,'2013-04-16','08:00:00','09:30:00','out'),(515,0,8,'2013-04-16','09:30:00','10:00:00','Sally ss'),(516,0,8,'2013-04-16','11:00:00','18:00:00','out'),(588,0,1,'2013-04-24','11:00:00','13:00:00','out'),(587,0,6,'2013-04-16','09:00:00','10:00:00','out'),(519,0,6,'2013-04-16','12:00:00','13:00:00','lunch'),(521,0,2,'2013-04-17','08:00:00','09:00:00','out'),(522,0,2,'2013-04-17','09:00:00','11:00:00','carol re color'),(523,0,4,'2013-04-17','08:30:00','09:00:00','Kevin chappel hc c 14'),(525,0,6,'2013-04-17','09:00:00','11:00:00','out dr appt'),(526,0,6,'2013-04-17','13:30:00','18:00:00','out max'),(826,0,7,'2013-04-16','12:30:00','13:00:00','sidney full set'),(531,0,2,'2013-04-18','12:00:00','13:00:00','Darlene nails'),(532,0,4,'2013-04-18','17:00:00','17:30:00','Devin sharon 28 /'),(533,0,6,'2013-04-18','09:00:00','11:30:00','out'),(598,0,3,'2013-04-19','08:00:00','09:00:00','out'),(536,0,2,'2013-04-19','12:30:00','14:00:00','Jackie fill'),(537,0,2,'2013-04-19','08:00:00','09:00:00','out'),(538,0,11,'2013-04-19','12:00:00','18:00:00','out'),(539,0,8,'2013-04-19','08:00:00','09:30:00','out'),(540,0,8,'2013-04-19','10:30:00','14:00:00','out'),(583,0,1,'2013-04-19','15:00:00','16:00:00','Marilyn white comb out and lunch'),(542,0,5,'2013-04-19','09:00:00','18:00:00','out at snow'),(985,0,8,'2013-04-19','09:30:00','10:00:00',''),(545,0,1,'2013-04-20','14:00:00','15:00:00','dorothy ss'),(546,0,2,'2013-04-20','08:00:00','09:00:00','out'),(548,0,2,'2013-04-22','14:00:00','15:00:00','Cynthia'),(549,0,2,'2013-04-20','15:00:00','18:00:00','out'),(551,0,11,'2013-05-10','14:00:00','14:30:00','lorie hc'),(552,0,11,'2013-05-10','08:00:00','12:00:00','out'),(553,0,11,'2013-04-26','12:00:00','14:00:00','Marie color'),(554,0,11,'2013-04-26','08:00:00','11:00:00','out'),(555,0,1,'2013-04-13','13:30:00','14:00:00','Natalie hc @'),(556,0,11,'2013-05-03','08:00:00','18:30:00','out'),(557,0,11,'2013-05-24','08:00:00','12:00:00','out'),(558,0,11,'2013-06-07','08:00:00','17:30:00','out all of june'),(559,0,11,'2013-06-14','08:00:00','18:30:00','out all of june'),(560,0,11,'2013-06-21','08:00:00','17:31:00','out all of june'),(561,0,11,'2013-06-28','08:00:00','17:30:00','out all of june'),(603,0,3,'2013-04-19','11:45:00','12:30:00','Susan B/C'),(602,0,3,'2013-04-19','11:15:00','11:45:00','Jackie White hc'),(600,0,3,'2013-04-19','09:30:00','10:30:00','Sally ss'),(601,0,3,'2013-04-19','10:45:00','11:15:00','Leah'),(599,0,3,'2013-04-19','09:00:00','09:30:00','coleen ss'),(597,0,1,'2013-04-17','14:00:00','15:30:00','Jane color hc'),(595,0,5,'2013-04-16','09:00:00','18:00:00','out scruples class at college'),(762,0,4,'2013-04-16','11:00:00','11:30:00','sybil hc@2q21/'),(594,0,1,'2013-06-05','11:00:00','13:00:00','out'),(593,0,1,'2013-05-29','11:00:00','13:00:00','out'),(591,0,1,'2013-05-15','11:00:00','13:00:00','out'),(592,0,1,'2013-05-22','11:00:00','13:00:00','out'),(589,0,1,'2013-05-01','11:00:00','13:00:00','out Happy Bday Kat today!'),(586,0,7,'2013-04-16','12:00:00','12:30:00','lunch'),(605,0,10,'2013-04-20','10:00:00','15:30:00','out'),(903,0,4,'2013-04-18','15:30:00','17:00:00','tammy barnett color'),(607,0,3,'2013-04-23','15:30:00','18:00:00','out grand kids'),(608,0,4,'2013-04-23','11:30:00','12:30:00','Joan perm'),(609,0,8,'2013-04-23','09:30:00','10:00:00','Sally ss'),(610,0,5,'2013-04-23','09:00:00','18:00:00','out'),(611,0,2,'2013-04-24','09:00:00','09:30:00','text Dee for app on thurs'),(612,0,2,'2013-04-24','10:00:00','11:00:00','Norma fill'),(613,0,2,'2013-04-24','11:00:00','12:30:00','Sherrie re'),(956,0,9,'2013-05-16','10:30:00','12:00:00','Judy 80 min swedish 201-9693'),(615,0,2,'2013-04-24','14:30:00','15:00:00','Michelle wax'),(616,0,1,'2013-04-24','14:30:00','15:30:00','Sue Brady SS'),(617,0,4,'2013-04-24','11:30:00','12:00:00','June'),(618,0,4,'2013-04-24','08:00:00','09:00:00','out'),(619,0,5,'2013-04-24','12:00:00','16:00:00','out'),(620,0,1,'2013-04-25','12:00:00','14:00:00','Salon Meeting'),(621,0,2,'2013-04-25','12:00:00','13:00:00','Salon Meeting'),(1042,0,3,'2013-04-25','08:00:00','13:30:00','out'),(623,0,9,'2013-04-25','12:00:00','13:00:00','Mary J 50 min'),(624,0,5,'2013-04-25','12:00:00','13:00:00','Salon Meeting'),(625,0,6,'2013-04-25','12:00:00','13:00:00','Salon Meeting'),(626,0,4,'2013-04-25','15:00:00','15:30:00','Leola'),(627,0,1,'2013-04-25','16:00:00','16:30:00','Kimberly Color  622-7873      (6 weeks)'),(628,0,1,'2013-04-25','17:00:00','18:00:00','C'),(629,0,1,'2013-04-26','12:00:00','12:30:00','Marilyn White'),(630,0,1,'2013-04-26','12:30:00','13:00:00','Alissa hc 201-2156'),(631,0,1,'2013-04-26','16:00:00','16:30:00','Marilyn White'),(632,0,8,'2013-04-26','10:30:00','14:00:00','out'),(633,0,5,'2013-04-26','09:00:00','18:00:00','at snow'),(634,0,10,'2013-04-26','13:00:00','14:30:00','Mike and family hc'),(635,0,2,'2013-04-26','08:00:00','09:00:00','out My Birthday!'),(636,0,2,'2013-04-26','14:00:00','15:30:00','Tamra re'),(637,0,2,'2013-04-26','15:30:00','18:00:00','out ryan to salina'),(638,0,1,'2013-04-27','14:00:00','14:05:00','Dorthy ss'),(639,0,10,'2013-04-27','10:00:00','15:00:00','out'),(1235,0,4,'2013-04-30','08:00:00','09:00:00','Out'),(641,0,4,'2013-04-30','11:30:00','13:00:00','joan color'),(642,0,4,'2013-04-30','16:30:00','18:00:00','Sherry O hc ss'),(643,0,8,'2013-04-30','09:30:00','11:00:00','sally ss'),(645,0,5,'2013-04-30','10:00:00','11:00:00','Deb lashes'),(646,0,5,'2013-04-30','12:00:00','16:00:00','out KYALYNN'),(647,0,2,'2013-05-01','09:00:00','11:00:00','Kelly re hc'),(649,0,2,'2013-05-01','15:30:00','18:00:00','out jaylynn youth court'),(650,0,4,'2013-05-01','08:30:00','09:00:00','nat hc'),(651,0,4,'2013-05-01','09:00:00','09:30:00','glen hc'),(652,0,4,'2013-05-01','11:30:00','12:00:00','june ss 11/'),(653,0,4,'2013-05-01','13:00:00','15:30:00','Kim Bankort color wants white'),(654,0,5,'2013-05-01','13:00:00','18:00:00','out'),(655,0,2,'2013-05-02','09:00:00','09:30:00','Joe hc'),(656,0,5,'2013-05-02','10:00:00','16:00:00','out'),(657,0,5,'2013-05-03','09:00:00','18:00:00','out at snow'),(658,0,8,'2013-05-03','10:30:00','14:00:00','out'),(659,0,1,'2013-05-04','09:00:00','15:00:00','Out Lagoon'),(753,0,2,'2013-04-16','11:30:00','12:30:00','lunch'),(661,0,1,'2013-05-07','17:00:00','17:30:00','Judy whitmore hc'),(662,0,4,'2013-05-07','08:00:00','13:00:00','out of town'),(663,0,8,'2013-05-07','09:30:00','11:00:00','sally ss'),(664,0,2,'2013-05-08','11:00:00','12:30:00','Sherrie re'),(665,0,4,'2013-05-08','11:00:00','11:30:00','Gaydra'),(923,0,5,'2013-05-08','09:30:00','10:00:00','x'),(667,0,4,'2013-05-09','16:00:00','17:00:00','Rosalita Color'),(668,0,1,'2013-05-10','09:00:00','18:00:00','out Cousins wedding in Idaho'),(967,0,7,'2013-04-30','09:00:00','10:30:00','out'),(670,0,2,'2013-05-10','15:30:00','18:00:00','out ryan to salina'),(966,0,7,'2013-04-30','13:00:00','14:30:00','Annabeth gel fill'),(672,0,4,'2013-05-14','16:00:00','18:00:00','Denise Jackson color'),(673,0,8,'2013-05-14','09:30:00','11:00:00','sally ss'),(674,0,1,'2013-05-15','13:00:00','14:00:00','Mary Beth Farley color 5 weeks'),(675,0,5,'2013-05-15','13:00:00','18:00:00','out'),(677,0,4,'2013-05-15','08:00:00','09:00:00','out'),(678,0,5,'2013-05-17','09:00:00','18:00:00','out'),(1088,0,7,'2013-05-15','09:00:00','10:00:00','out'),(681,0,8,'2013-05-21','09:30:00','11:00:00','sally ss'),(682,0,5,'2013-05-22','13:00:00','18:00:00','out'),(683,0,2,'2013-05-22','11:00:00','12:00:00','Sherrie fill'),(684,0,1,'2013-05-23','16:30:00','18:00:00','Romona Color'),(685,0,2,'2013-05-24','15:30:00','18:00:00','out ryan to salina'),(686,0,5,'2013-05-24','09:00:00','18:00:00','out'),(687,0,8,'2013-05-24','10:30:00','14:00:00','out'),(688,0,1,'2013-05-25','09:00:00','15:00:00','Closed Memorial Weekend!'),(689,0,2,'2013-05-25','09:00:00','15:00:00','Closed Memorial Weekend!'),(690,0,10,'2013-05-25','10:00:00','15:00:00','Closed Memorial Weekend!'),(691,0,8,'2013-05-28','09:30:00','11:00:00','sally ss'),(692,0,5,'2013-05-28','13:00:00','18:00:00','out'),(693,0,5,'2013-05-29','13:00:00','18:00:00','out'),(694,0,1,'2013-05-30','12:00:00','14:00:00','Salon Meeting'),(695,0,2,'2013-05-30','12:00:00','13:00:00','Salon Meeting'),(696,0,3,'2013-05-30','12:00:00','13:00:00','Salon Meeting'),(697,0,9,'2013-05-30','12:00:00','13:00:00','Salon Meeting'),(698,0,5,'2013-05-30','12:00:00','13:00:00','Salon Meeting'),(699,0,6,'2013-05-30','12:00:00','13:00:00','Salon Meeting'),(700,0,7,'2013-05-30','12:00:00','13:00:00','Salon Meeting'),(701,0,5,'2013-05-30','13:00:00','18:00:00','out'),(702,0,8,'2013-05-31','10:30:00','14:00:00','out'),(703,0,1,'2013-06-01','14:00:00','15:00:00','dorthy ss'),(704,0,5,'2013-06-04','13:00:00','18:00:00','out'),(705,0,5,'2013-06-05','13:00:00','18:00:00','out'),(706,0,5,'2013-06-06','13:00:00','18:00:00','out'),(707,0,5,'2013-06-07','09:00:00','18:00:00','out at snow'),(708,0,5,'2013-06-11','13:00:00','18:00:00','out'),(709,0,5,'2013-06-12','13:00:00','18:00:00','out'),(710,0,5,'2013-06-13','13:00:00','18:00:00','out'),(711,0,5,'2013-06-14','09:00:00','18:00:00','out at snow'),(712,0,5,'2013-06-18','13:00:00','18:00:00','out'),(713,0,5,'2013-06-19','13:00:00','18:00:00','out'),(714,0,5,'2013-06-20','13:00:00','18:00:00','out'),(715,0,5,'2013-06-21','09:00:00','18:00:00','out at snow'),(716,0,5,'2013-06-25','13:00:00','18:00:00','out'),(717,0,5,'2013-06-26','13:00:00','18:00:00','out'),(718,0,1,'2013-06-27','12:00:00','14:00:00','Salon Meeting'),(719,0,2,'2013-06-27','12:00:00','13:00:00','Salon Meeting'),(720,0,3,'2013-06-27','12:00:00','13:00:00','Salon Meeting'),(721,0,9,'2013-06-27','12:00:00','13:00:00','Salon Meeting'),(722,0,5,'2013-06-27','12:00:00','13:00:00','Salon Meeting'),(723,0,6,'2013-06-27','12:00:00','13:00:00','Salon Meeting'),(724,0,7,'2013-06-27','12:00:00','13:00:00','Salon Meeting'),(725,0,5,'2013-06-27','13:00:00','18:00:00','out'),(726,0,5,'2013-06-28','09:00:00','18:00:00','out at snow'),(729,0,1,'2013-06-29','09:00:00','14:00:00','Closed Reunions'),(728,0,1,'2013-06-29','14:15:00','15:00:00','Monday july 1 @ 7am Jade Madsen updo for wedding pics'),(730,0,2,'2013-06-29','09:00:00','15:00:00','Closed Reunions'),(731,0,10,'2013-06-29','10:00:00','15:00:00','Closed Reunions'),(732,0,1,'2013-07-04','11:00:00','18:00:00','Closed 4th of July Celebration'),(733,0,2,'2013-07-04','09:00:00','18:00:00','Closed 4th of July Celebration'),(734,0,3,'2013-07-04','08:00:00','18:00:00','Closed 4th of July Celebration'),(735,0,4,'2013-07-04','13:00:00','18:00:00','Closed 4th of July Celebration'),(736,0,9,'2013-07-04','09:00:00','18:00:00','Closed 4th of July Celebration'),(737,0,5,'2013-07-04','09:00:00','18:00:00','Closed 4th of July Celebration'),(738,0,6,'2013-07-04','09:00:00','18:00:00','Closed 4th of July Celebration'),(739,0,7,'2013-07-04','09:00:00','18:00:00','Closed 4th of July Celebration'),(740,0,1,'2013-07-05','09:00:00','10:00:00','Jade Madsen @ 7am wedding updo 896-1616'),(741,0,1,'2013-07-05','10:00:00','18:00:00','Closed 4th of July Celebration'),(742,0,2,'2013-07-05','08:00:00','18:00:00','Closed 4th of July Celebration'),(743,0,3,'2013-07-05','08:00:00','18:00:00','Closed 4th of July Celebration'),(744,0,11,'2013-07-05','12:00:00','18:00:00','Closed 4th of July Celebration'),(745,0,8,'2013-07-05','09:30:00','18:00:00','Closed 4th of July Celebration'),(746,0,5,'2013-07-05','09:00:00','18:00:00','Closed 4th of July Celebration'),(747,0,10,'2013-07-05','13:00:00','18:00:00','Closed 4th of July Celebration'),(748,0,7,'2013-07-05','09:00:00','18:00:00','Closed 4th of July Celebration'),(749,0,1,'2013-07-06','09:00:00','18:00:00','Closed 4th of July Celebration'),(750,0,2,'2013-07-06','09:00:00','18:00:00','Closed 4th of July Celebration'),(751,0,10,'2013-07-06','10:00:00','18:00:00','Closed 4th of July Celebration'),(752,0,1,'2013-04-27','14:15:00','15:00:00','Dont forget teaching updo class min 29th @ 8am at college'),(755,0,1,'2013-04-16','12:30:00','13:00:00','lavon marshall hc'),(756,0,4,'2013-04-16','12:00:00','12:30:00','monica hc@ 14 cc'),(757,0,4,'2013-04-16','12:30:00','13:00:00','alan hc @'),(758,0,1,'2013-04-16','12:30:00','13:00:00','lavon marshall hc'),(759,0,7,'2013-04-18','12:00:00','12:30:00','lunch'),(841,0,4,'2013-04-23','16:00:00','18:00:00','Maridon color'),(761,0,7,'2013-05-02','11:00:00','12:30:00','Iris gel fill'),(763,0,1,'2013-07-24','11:00:00','18:00:00','Closed 24th Celebration'),(764,0,2,'2013-07-24','09:00:00','18:00:00','Closed 24th Celebration'),(765,0,3,'2013-07-24','08:00:00','18:00:00','Closed 24th Celebration'),(766,0,4,'2013-04-16','16:30:00','17:00:00','precilla hc@ 14 cc'),(767,0,4,'2013-07-24','08:00:00','18:00:00','Closed 24th Celebration'),(768,0,5,'2013-07-24','09:00:00','18:00:00','Closed 24th Celebration'),(769,0,6,'2013-07-24','09:00:00','18:00:00','Closed 24th Celebration'),(770,0,7,'2013-07-24','09:00:00','18:00:00','Closed 24th Celebration'),(771,0,1,'2013-07-25','12:00:00','14:00:00','Salon Meeting'),(772,0,2,'2013-07-25','12:00:00','13:00:00','Salon Meeting'),(773,0,3,'2013-07-25','12:00:00','13:00:00','Salon Meeting'),(774,0,9,'2013-07-25','12:00:00','13:00:00','Salon Meeting'),(775,0,5,'2013-07-25','12:00:00','13:00:00','Salon Meeting'),(776,0,6,'2013-07-25','12:00:00','13:00:00','Salon Meeting'),(777,0,7,'2013-07-25','12:00:00','13:00:00','Salon Meeting'),(778,0,1,'2013-08-29','12:00:00','14:00:00','Salon Meeting'),(779,0,2,'2013-08-29','12:00:00','13:00:00','Salon Meeting'),(780,0,3,'2013-08-29','12:00:00','13:00:00','Salon Meeting'),(781,0,9,'2013-08-29','12:00:00','13:00:00','Salon Meeting'),(782,0,5,'2013-08-29','12:00:00','13:00:00','Salon Meeting'),(783,0,6,'2013-08-29','12:00:00','13:00:00','Salon Meeting'),(784,0,7,'2013-08-29','12:00:00','13:00:00','Salon Meeting'),(785,0,1,'2013-07-12','09:00:00','18:00:00','Jills Birthday Today!'),(786,0,1,'2013-06-12','11:00:00','13:00:00','out'),(787,0,1,'2013-06-19','11:00:00','13:00:00','out'),(788,0,1,'2013-06-26','11:00:00','13:00:00','out'),(789,0,6,'2013-05-01','12:00:00','12:30:00','lunch'),(790,0,6,'2013-05-02','12:00:00','12:30:00','lunch'),(791,0,6,'2013-05-07','12:00:00','12:30:00','lunch'),(792,0,6,'2013-05-08','12:00:00','12:30:00','lunch'),(793,0,6,'2013-05-09','12:00:00','12:30:00','lunch'),(794,0,6,'2013-05-14','12:00:00','12:30:00','lunch'),(795,0,6,'2013-05-15','12:00:00','12:30:00','lunch'),(796,0,6,'2013-05-16','12:00:00','12:30:00','lunch'),(1089,0,7,'2013-05-16','09:00:00','10:00:00','out'),(798,0,6,'2013-05-22','12:00:00','12:30:00','lunch'),(799,0,6,'2013-05-23','12:00:00','12:30:00','lunch'),(800,0,6,'2013-05-28','12:00:00','12:30:00','lunch'),(801,0,6,'2013-05-29','12:00:00','12:30:00','lunch'),(802,0,3,'2013-05-01','08:00:00','09:00:00','out'),(803,0,4,'2013-05-01','08:00:00','08:30:00','out'),(804,0,3,'2013-05-02','08:00:00','09:00:00','out'),(805,0,8,'2013-05-10','10:30:00','14:00:00','out'),(806,0,8,'2013-05-17','10:30:00','14:00:00','out'),(807,0,2,'2013-05-31','08:00:00','09:00:00','out'),(808,0,2,'2013-05-24','08:00:00','09:00:00','out'),(809,0,2,'2013-05-17','08:00:00','09:00:00','out'),(810,0,2,'2013-05-10','08:00:00','09:00:00','out'),(811,0,2,'2013-05-03','08:00:00','09:00:00','out'),(829,0,2,'2013-04-17','11:00:00','12:00:00','vivian bc @'),(814,0,1,'2013-04-16','13:00:00','13:30:00','matt hc @'),(816,0,6,'2013-04-11','14:45:00','15:15:00','amada color and cut'),(817,0,6,'2013-04-16','10:30:00','11:00:00','out'),(818,0,6,'2013-04-16','10:00:00','10:30:00','out'),(819,0,6,'2013-04-16','14:00:00','18:00:00','out'),(820,0,6,'2013-04-16','11:30:00','12:00:00','kade hc'),(821,0,3,'2013-04-18','13:30:00','15:00:00','sherry fullmer 435-577-2569 color'),(822,0,6,'2013-04-16','11:30:00','12:00:00','Kade cut'),(823,0,1,'2013-05-28','11:00:00','12:30:00','Angie color melt touch up 896-3013 @ 6 weeks'),(824,0,4,'2013-04-16','12:30:00','13:00:00','alan hc'),(825,0,4,'2013-04-17','14:45:00','18:00:00','out'),(828,0,7,'2013-04-18','14:30:00','16:00:00','Julia fill'),(830,0,2,'2013-04-17','12:00:00','12:30:00','richard hc @'),(858,0,4,'2013-05-08','08:00:00','08:30:00','Out'),(833,0,6,'2013-04-16','13:15:00','13:45:00','alan hc'),(834,0,2,'2013-04-17','13:00:00','14:30:00','norma fill'),(835,0,1,'2013-04-19','17:30:00','18:00:00','colton hc'),(836,0,2,'2013-04-18','09:00:00','09:30:00','Sue Woods hc/style 326-4338'),(837,0,1,'2013-04-18','15:30:00','16:00:00','andrews mills  hc'),(838,0,3,'2013-04-18','12:00:00','13:00:00','Lunch'),(839,0,3,'2013-04-18','15:00:00','17:00:00','Kay Williams Perm @'),(851,0,2,'2013-04-19','09:00:00','11:00:00','jessica gel fill'),(842,0,6,'2013-04-23','09:00:00','13:00:00','out beth'),(843,0,6,'2013-04-24','13:30:00','18:00:00','out max'),(844,0,6,'2013-04-24','09:00:00','10:30:00','out beth'),(845,0,2,'2013-04-25','10:00:00','11:00:00','Dee fill 201 9717'),(846,0,6,'2013-04-25','09:00:00','11:00:00','out beth'),(847,0,4,'2013-04-17','13:30:00','14:00:00','carl hc 14 cc'),(849,0,1,'2013-04-17','11:00:00','12:30:00','out '),(850,0,2,'2013-04-17','14:30:00','15:00:00','logan hc @'),(852,0,4,'2013-05-08','08:30:00','09:00:00','kevin hc'),(853,0,4,'2013-05-08','11:30:00','12:00:00','june ellis ss 11/'),(854,0,4,'2013-05-07','13:00:00','13:30:00','joan ss'),(855,0,4,'2013-05-02','15:00:00','15:30:00','leola ss 11'),(856,0,4,'2013-04-16','17:30:00','18:00:00','out'),(857,0,9,'2013-04-18','12:00:00','13:00:00','dave graf 50 min 435- 201-9953'),(859,0,4,'2013-04-17','12:00:00','13:30:00','Lunch'),(860,0,4,'2013-04-23','08:00:00','09:00:00','Out'),(861,0,4,'2013-05-09','15:00:00','15:30:00','loela ss'),(862,0,4,'2013-05-14','08:00:00','09:00:00','Out'),(863,0,4,'2013-05-14','11:30:00','12:00:00','Joan SS'),(1077,0,4,'2013-04-24','13:00:00','14:30:00','lunch'),(865,0,4,'2013-05-16','15:00:00','15:30:00','leola s'),(866,0,4,'2013-05-21','08:00:00','09:00:00','Out'),(867,0,4,'2013-05-21','11:30:00','12:00:00','Joan SS'),(868,0,4,'2013-05-21','17:00:00','17:30:00','Out'),(869,0,4,'2013-05-22','08:00:00','09:00:00','Out'),(870,0,4,'2013-05-22','11:30:00','12:00:00','june ellis ss 11/'),(871,0,4,'2013-05-22','17:00:00','17:30:00','out'),(872,0,4,'2013-05-23','15:00:00','15:30:00','leola ss'),(873,0,4,'2013-05-28','08:00:00','09:00:00','Out'),(874,0,4,'2013-05-28','11:30:00','12:00:00','Joan SS'),(875,0,4,'2013-05-28','17:00:00','18:30:00','XXX'),(876,0,4,'2013-05-29','08:00:00','09:00:00','Out'),(877,0,4,'2013-05-29','11:30:00','12:00:00','june ellis ss 11/'),(878,0,4,'2013-05-30','15:00:00','15:30:00','leola ss'),(879,0,4,'2013-04-17','09:30:00','10:00:00','jackie ss 11 cc'),(880,0,1,'2013-04-17','16:30:00','17:00:00','william hc'),(881,0,1,'2013-04-17','17:00:00','18:00:00','Mark put up shelf in pedi room'),(882,0,3,'2013-04-17','11:00:00','11:30:00','Cheryl H. hc'),(883,0,4,'2013-04-17','10:15:00','10:45:00','Mary beth hc'),(884,0,4,'2013-04-18','13:00:00','14:00:00','pat perm 52 /'),(913,0,1,'2013-04-24','13:00:00','14:30:00','alexa color @'),(888,0,1,'2013-04-17','16:00:00','16:30:00','maryjean hc ss'),(890,0,4,'2013-04-17','11:00:00','11:30:00','walkin hc'),(891,0,4,'2013-04-17','10:45:00','11:00:00','women 2 hc 28 /'),(927,0,5,'2013-05-09','13:00:00','18:00:00','out'),(926,0,5,'2013-05-08','13:00:00','18:00:00','out'),(925,0,5,'2013-05-07','13:00:00','18:00:00','out'),(1183,0,4,'2013-04-30','09:00:00','09:30:00','annabeth hc'),(901,0,2,'2013-04-17','12:30:00','13:00:00','dalton hc @'),(902,0,2,'2013-04-18','10:00:00','11:00:00','Linda Burt fill'),(911,0,1,'2013-04-20','09:30:00','10:00:00','marilyn style'),(906,0,6,'2013-04-30','09:00:00','11:00:00','out beth'),(907,0,6,'2013-05-01','09:00:00','11:00:00','out beth'),(908,0,6,'2013-05-01','15:00:00','18:00:00','shelley hc'),(909,0,4,'2013-04-18','14:30:00','15:00:00','Gloria Jackman Haircut 14 cc'),(912,0,3,'2013-04-17','12:00:00','12:30:00','annabeth ss'),(910,0,6,'2013-04-17','11:30:00','12:00:00','Ned haircut'),(919,0,1,'2013-04-18','16:00:00','17:30:00','emliy color hc @'),(917,0,5,'2013-04-30','11:00:00','11:30:00','Dev lashes'),(918,0,5,'2013-04-30','11:30:00','12:00:00','x'),(924,0,5,'2013-04-25','13:00:00','18:00:00','out'),(928,0,5,'2013-05-10','09:00:00','18:00:00','out'),(929,0,5,'2013-05-14','13:00:00','18:00:00','out'),(930,0,5,'2013-05-16','13:00:00','18:00:00','out'),(931,0,5,'2013-05-21','13:00:00','18:00:00','out'),(932,0,7,'2013-04-18','11:00:00','12:00:00','roxey pedi'),(933,0,5,'2013-05-23','13:00:00','18:00:00','out'),(934,0,5,'2013-05-31','09:00:00','18:00:00','out'),(935,0,5,'2013-07-02','13:00:00','18:00:00','out'),(936,0,5,'2013-07-03','13:00:00','18:00:00','out'),(938,0,1,'2013-04-19','11:30:00','13:00:00','ashley and sister hc 421-9072'),(939,0,2,'2013-04-30','11:00:00','12:30:00','Deb gel fill'),(973,0,3,'2013-04-19','13:30:00','14:00:00','alene bc '),(972,0,2,'2013-04-19','15:00:00','18:00:00','out'),(942,0,7,'2013-04-17','16:00:00','16:30:00','Jane full set acrylic'),(943,0,1,'2013-04-19','16:30:00','17:00:00','john burt hc'),(944,0,7,'2013-04-17','12:00:00','12:30:00','jen fs'),(945,0,1,'2013-04-18','11:00:00','11:30:00','Chris hc'),(946,0,5,'2013-04-24','09:00:00','09:30:00','amy hc @'),(947,0,5,'2013-04-24','09:30:00','10:00:00','nancy hc @'),(948,0,2,'2013-05-07','09:00:00','10:30:00','susan perm @ 435-3264338'),(949,0,5,'2013-04-24','16:00:00','18:00:00','Louise Lahses/style'),(950,0,5,'2013-04-25','09:00:00','10:00:00','Lugene  h/c style'),(951,0,2,'2013-04-18','13:30:00','15:00:00','patty taylor gel fill '),(952,0,5,'2013-05-09','09:00:00','10:00:00','Mardy Lashes'),(953,0,3,'2013-04-24','08:00:00','16:00:00','out help kids with car'),(954,0,2,'2013-05-10','09:00:00','10:30:00','linda recolor '),(955,0,3,'2013-05-02','10:00:00','11:30:00','coleen perm'),(957,0,5,'2013-05-07','09:00:00','10:00:00','Lynette Warner Lashes 201-9478'),(958,0,1,'2013-04-18','12:00:00','12:30:00','Marc hc'),(959,0,2,'2013-04-19','14:00:00','15:00:00','rose '),(960,0,2,'2013-04-20','09:00:00','15:00:00','out of town'),(961,0,9,'2013-05-09','12:00:00','12:50:00','dave graf 50 min 435- 201-9953 second gift cert.'),(962,0,9,'2013-04-18','09:00:00','10:00:00','out'),(963,0,4,'2013-04-25','15:30:00','16:00:00','elaine costa perm hc @'),(964,0,4,'2013-04-18','14:00:00','14:30:00','carolyn hc @ 14 cc'),(965,0,1,'2013-04-20','13:00:00','14:00:00','tarlaye hc  435 287-8711'),(968,0,1,'2013-04-18','14:30:00','15:00:00','seth hc'),(969,0,1,'2013-04-18','14:30:00','15:00:00','seth hc'),(970,0,4,'2013-04-18','17:45:00','18:15:00','jerye hc 14'),(971,0,3,'2013-04-19','14:00:00','15:00:00','beth hc style 896-8922'),(981,0,8,'2013-04-19','16:30:00','17:00:00','out'),(975,0,7,'2013-04-19','09:00:00','18:00:00','out'),(976,0,3,'2013-04-19','12:30:00','13:30:00','lunch'),(977,0,4,'2013-05-23','17:30:00','18:00:00','devon hc'),(978,0,9,'2013-04-25','09:00:00','10:30:00','Rhonda K 893-8353'),(986,0,3,'2013-04-19','15:00:00','16:30:00','gay perm 896-6097'),(1043,0,3,'2013-04-25','15:00:00','18:00:00','out'),(1147,0,4,'2013-04-25','16:00:00','16:30:00','colby bastain hc@'),(989,0,2,'2013-04-23','11:00:00','12:30:00','jackie webb fill @'),(996,0,1,'2013-04-19','16:00:00','16:30:00','john hc'),(990,0,9,'2013-04-25','10:30:00','12:00:00','liz  geer hot stone 80 min'),(991,0,1,'2013-04-19','14:00:00','15:00:00','Larkin hc color'),(992,0,8,'2013-04-19','14:00:00','14:30:00','Brynn hc'),(994,0,1,'2013-04-20','12:30:00','13:00:00','Nedra color @'),(995,0,2,'2013-05-03','12:30:00','13:30:00','Jackie fill'),(997,0,2,'2013-04-23','14:00:00','15:30:00','susan body perm @ '),(998,0,2,'2013-04-25','14:45:00','18:00:00','ddst mary '),(999,0,3,'2013-04-26','13:30:00','14:00:00','aleen ss'),(1000,0,3,'2013-04-26','14:00:00','15:00:00','Beth ss'),(1001,0,9,'2013-04-25','13:00:00','14:00:00','sindy 50 min 3rd'),(1002,0,4,'2013-04-25','13:00:00','14:00:00','sindy massage 3rd'),(1003,0,1,'2013-04-20','09:00:00','09:30:00','Stephany style'),(1004,0,1,'2013-04-20','10:00:00','10:30:00','Pam Miller and husband hc'),(1005,0,1,'2013-04-23','15:00:00','16:00:00','Becky 2 boys hc'),(1006,0,1,'2013-04-23','14:30:00','15:00:00','Marilyn style'),(1007,0,1,'2013-04-20','10:30:00','11:00:00','man hc'),(1008,0,7,'2013-04-25','10:00:00','11:30:00','shelley gel toes/eyebrows'),(1009,0,7,'2013-04-26','09:00:00','15:30:00','out of town'),(1010,0,1,'2013-04-23','11:00:00','12:30:00','bobbi color'),(1011,0,4,'2013-04-23','09:00:00','09:30:00','trey hc'),(1012,0,4,'2013-04-23','09:30:00','10:00:00','tallenhc'),(1013,0,4,'2013-04-23','10:00:00','10:30:00','teags hc'),(1014,0,4,'2013-04-24','17:00:00','17:30:00','out'),(1015,0,4,'2013-04-25','14:00:00','15:00:00','out'),(1016,0,9,'2013-05-09','10:00:00','11:00:00','sindy 50 mon 4th'),(1017,0,2,'2013-05-03','11:00:00','12:30:00','Cynthia fill'),(1018,0,1,'2013-04-23','17:00:00','17:30:00','Vicki hc @'),(1021,0,6,'2013-04-23','13:00:00','14:30:00','carol anderson color @hc@!201-32902'),(1022,0,2,'2013-04-23','16:00:00','18:00:00','Out'),(1023,0,2,'2013-04-24','16:30:00','18:00:00','Out'),(1024,0,1,'2013-04-23','12:30:00','13:00:00','pauline  hc 896-8106 @'),(1025,0,4,'2013-04-23','15:30:00','16:00:00','louise hc 896-9604 @'),(1036,0,1,'2013-04-23','17:30:00','18:00:00','jenny hc gene @ 896-7571'),(1027,0,4,'2013-04-24','15:00:00','15:30:00','gloria hc @'),(1028,0,4,'2013-04-23','13:00:00','14:30:00','jan dastrup color'),(1030,0,1,'2013-04-23','13:30:00','14:00:00','krista hc @ 896-9445'),(1031,0,2,'2013-04-24','15:00:00','16:00:00','vivian bc @'),(1032,0,1,'2013-04-23','16:00:00','16:30:00','annabeth ss @'),(1033,0,2,'2013-04-26','09:00:00','11:30:00','chrisra mecham gel set '),(1034,0,6,'2013-04-23','15:00:00','15:30:00','terri newman hc'),(1035,0,1,'2013-04-23','13:00:00','13:30:00','woman hc @'),(1052,0,3,'2013-04-26','13:00:00','13:30:00','dean woodbery hc'),(1038,0,1,'2013-04-23','16:30:00','17:00:00','landon hc @'),(1039,0,4,'2013-04-23','14:30:00','15:00:00','luch'),(1040,0,4,'2013-04-23','14:30:00','15:00:00','luch'),(1041,0,3,'2013-04-26','15:00:00','17:00:00','katrina cleavland color 2010564'),(1044,0,3,'2013-04-26','08:00:00','09:00:00','out'),(1045,0,3,'2013-04-26','17:00:00','18:00:00','out'),(1046,0,3,'2013-04-26','10:30:00','11:00:00','Joyce hc'),(1049,0,5,'2013-04-24','10:00:00','11:00:00','dani hc'),(1050,0,6,'2013-08-01','09:00:00','10:00:00','Jen\\\'s Last Day! Congrats on getting married we will all miss you!'),(1051,0,1,'2013-04-25','14:00:00','15:00:00','Dolores ss@'),(1053,0,1,'2013-04-24','17:30:00','18:00:00','out volleyball'),(1054,0,11,'2013-04-26','15:00:00','18:00:00','Jessie color'),(1055,0,11,'2013-04-26','14:00:00','15:00:00','out'),(1208,0,1,'2013-04-26','17:00:00','18:00:00','Brandon hc and homework help'),(1057,0,7,'2013-04-25','15:00:00','17:30:00','out'),(1058,0,5,'2013-05-02','16:00:00','18:00:00','Cathy Lashes'),(1128,0,7,'2013-04-25','14:00:00','14:30:00','kenneth pedi'),(1060,0,4,'2013-04-24','16:30:00','17:00:00','Out'),(1061,0,9,'2013-05-23','10:00:00','11:00:00','Sindy  50 min  1st pay day'),(1062,0,6,'2013-04-24','12:30:00','13:00:00','glen hc'),(1063,0,7,'2013-04-24','13:00:00','13:30:00','glen toes nails cut'),(1065,0,9,'2013-05-09','16:00:00','17:00:00','Nancy Curtis 50 min'),(1066,0,7,'2013-04-24','11:30:00','13:00:00','lynette warner full set gel'),(1067,0,7,'2013-04-24','13:00:00','13:30:00','glen toes nails cut'),(1068,0,5,'2013-04-24','11:00:00','11:30:00','richard nielson hc'),(1069,0,2,'2013-05-08','10:00:00','11:00:00','norma fill'),(1070,0,7,'2013-04-24','13:00:00','13:30:00','glen toes nails cut'),(1071,0,5,'2013-04-24','11:30:00','12:00:00','sindy hc THANX'),(1072,0,7,'2013-04-24','13:00:00','13:30:00','glen toes nails cut'),(1073,0,7,'2013-04-24','13:00:00','13:30:00','glen toes nails cut'),(1074,0,4,'2013-04-24','12:30:00','13:00:00','kim hc '),(1075,0,4,'2013-05-08','13:30:00','15:00:00','molly color'),(1094,0,1,'2013-04-26','13:00:00','15:00:00','Carrie Color Long @ and her son hc 435-253-1277'),(1076,0,4,'2013-05-15','11:30:00','12:30:00','junr ellis perm'),(1078,0,7,'2013-04-25','14:00:00','14:30:00','kenneth pedi'),(1079,0,3,'2013-04-03','08:30:00','11:00:00','death'),(1080,0,1,'2013-04-24','17:00:00','17:30:00','Braden hc'),(1082,0,6,'2013-04-25','11:30:00','12:00:00','shelley hc'),(1109,0,1,'2013-04-25','16:30:00','17:00:00','Jaaron Martinaz hc'),(1085,0,7,'2013-05-08','09:00:00','10:00:00','out'),(1086,0,7,'2013-05-09','09:00:00','10:00:00','out'),(1091,0,2,'2013-05-18','14:45:00','22:15:00','dfd'),(1092,0,4,'2013-04-24','15:30:00','16:00:00','connie hc @'),(1093,0,1,'2013-04-25','15:00:00','15:30:00','matt hc @'),(1096,0,2,'2013-05-22','14:30:00','15:30:00','Michelle   hc mag pix'),(1146,0,3,'2013-04-30','15:30:00','16:00:00','call carol for perm 896-6028'),(1098,0,7,'2013-05-22','15:30:00','17:30:00','Michelle fill'),(1198,0,8,'2013-06-21','10:30:00','14:00:00','out'),(1113,0,8,'2013-04-26','14:00:00','14:30:00','jessa Root h/c'),(1114,0,8,'2013-04-26','14:00:00','14:30:00',''),(1116,0,8,'2013-04-26','14:00:00','14:30:00','Jessa Root h/c'),(1194,0,8,'2013-06-11','09:30:00','11:00:00','sally ss'),(1176,0,8,'2013-04-26','14:30:00','17:00:00','out'),(1177,0,9,'2013-05-02','17:00:00','18:00:00','Dr. Lukenga         201-9578'),(1186,0,8,'2013-05-17','16:30:00','17:00:00','out'),(1187,0,8,'2013-05-24','16:30:00','17:00:00','out'),(1188,0,8,'2013-05-31','16:30:00','17:00:00','out'),(1192,0,8,'2013-06-07','10:30:00','14:00:00','out'),(1125,0,4,'2013-04-25','17:00:00','17:30:00','jennay hc @ 896-6214'),(1126,0,2,'2013-04-27','09:00:00','11:00:00','cyn, gel fill primer twice'),(1127,0,5,'2013-04-30','16:00:00','18:00:00','Louise Style'),(1129,0,5,'2013-05-15','11:00:00','12:00:00','Carla lashes'),(1130,0,5,'2013-05-02','09:00:00','10:00:00','Lugene style'),(1131,0,4,'2013-04-25','17:30:00','18:00:00','sandra stevens @'),(1132,0,4,'2013-04-25','17:30:00','18:00:00','sandra stevens @'),(1133,0,9,'2013-05-09','09:00:00','10:00:00','Rhonda K 893-8353'),(1134,0,2,'2013-05-09','10:00:00','11:00:00','dee 201-9717'),(1135,0,2,'2013-05-08','09:00:00','09:30:00','text dee about appt on thursday '),(1136,0,6,'2013-04-25','13:00:00','13:30:00','Quin hc'),(1137,0,6,'2013-05-01','13:30:00','15:00:00','max'),(1138,0,9,'2013-05-02','10:00:00','11:30:00','keri shaw 201-2617 80 min'),(1197,0,8,'2013-06-18','09:30:00','11:00:00','sally ss'),(1140,0,9,'2013-05-02','12:00:00','13:00:00','Lunch'),(1141,0,9,'2013-05-02','13:00:00','13:50:00','Mary J 50 min'),(1142,0,6,'2013-05-02','09:00:00','11:00:00','out beth'),(1143,0,1,'2013-04-27','10:00:00','11:00:00','grandma ss'),(1144,0,2,'2013-05-03','09:00:00','10:30:00','liz recolor'),(1148,0,4,'2013-04-25','16:30:00','17:00:00','elaine costa perm hc @'),(1195,0,8,'2013-06-14','10:30:00','14:00:00','out'),(1196,0,8,'2013-06-14','16:30:00','17:00:00','out'),(1190,0,8,'2013-06-04','09:30:00','11:00:00','sally ss'),(1174,0,1,'2013-05-02','16:00:00','18:00:00','kimberly perm @'),(1193,0,8,'2013-06-07','16:30:00','17:00:00','out'),(1162,0,1,'2013-04-26','15:00:00','16:00:00','Rhonda hc color @'),(1163,0,9,'2013-05-16','15:00:00','16:00:00','Beth 50 min'),(1185,0,8,'2013-05-10','16:30:00','17:00:00','out'),(1170,0,6,'2013-04-25','16:30:00','17:00:00','miranda haircut'),(1171,0,1,'2013-04-26','11:30:00','12:00:00','barbara crowler haircut'),(1184,0,8,'2013-05-03','16:30:00','17:00:00','out'),(1199,0,8,'2013-06-21','16:30:00','17:00:00','out'),(1200,0,8,'2013-06-25','09:30:00','11:00:00','sally ss'),(1201,0,8,'2013-06-28','10:30:00','14:00:00','out'),(1202,0,8,'2013-06-28','16:30:00','17:00:00','out'),(1203,0,8,'2013-07-02','09:30:00','11:00:00','sally ss'),(1204,0,8,'2013-07-09','09:30:00','11:00:00','sally ss'),(1205,0,8,'2013-07-12','10:30:00','14:00:00','out'),(1206,0,8,'2013-07-12','16:30:00','17:00:00','out'),(1207,0,1,'2013-04-26','10:00:00','11:30:00','lacy highlights2 409-920-3119'),(1209,0,3,'2013-04-26','10:15:00','10:30:00','billy hc'),(1210,0,2,'2013-04-26','11:30:00','12:30:00','becky bastian pedi 201-2059'),(1211,0,2,'2013-04-26','12:30:00','13:00:00','lunch'),(1212,0,2,'2013-04-26','13:15:00','13:45:00','ryan test'),(1231,0,1,'2013-04-30','12:00:00','13:30:00','Alan'),(1232,0,1,'2013-05-01','17:15:00','17:45:00','alan'),(1233,0,1,'2013-05-03','17:00:00','18:00:00','alan');
/*!40000 ALTER TABLE `appointment` ENABLE KEYS */;
UNLOCK TABLES;

--
-- Table structure for table `employee`
--

DROP TABLE IF EXISTS `employee`;
/*!40101 SET @saved_cs_client     = @@character_set_client */;
/*!40101 SET character_set_client = utf8 */;
CREATE TABLE `employee` (
  `id` tinyint(4) NOT NULL AUTO_INCREMENT,
  `firstName` varchar(30) NOT NULL,
  `lastName` varchar(30) NOT NULL,
  `phone` varchar(15) NOT NULL,
  `address` varchar(255) NOT NULL,
  `city` varchar(50) NOT NULL,
  `state` varchar(50) NOT NULL,
  `zip` varchar(10) NOT NULL,
  PRIMARY KEY (`id`)
) ENGINE=MyISAM AUTO_INCREMENT=12 DEFAULT CHARSET=latin1;
/*!40101 SET character_set_client = @saved_cs_client */;

--
-- Dumping data for table `employee`
--

LOCK TABLES `employee` WRITE;
/*!40000 ALTER TABLE `employee` DISABLE KEYS */;
INSERT INTO `employee` VALUES (1,'Jill','Christensen','435-851-2353','346 Highland Drive','Richfield','UT','84701'),(2,'Mary','','','','','',''),(3,'Marva','','','','','',''),(5,'KerrieLynn','','','','','',''),(4,'Sindy','','','','','',''),(6,'Jen','','','','','',''),(7,'Linda','','','','','',''),(8,'Jeaneen','','','','','',''),(9,'Kat','','','','','',''),(10,'Kortney','','','','','',''),(11,'Teri','','','','','','');
/*!40000 ALTER TABLE `employee` ENABLE KEYS */;
UNLOCK TABLES;

--
-- Table structure for table `employeeSchedule`
--

DROP TABLE IF EXISTS `employeeSchedule`;
/*!40101 SET @saved_cs_client     = @@character_set_client */;
/*!40101 SET character_set_client = utf8 */;
CREATE TABLE `employeeSchedule` (
  `employeeId` int(11) NOT NULL,
  `dayOfWeek` varchar(10) NOT NULL,
  `scheduleCol` int(11) NOT NULL,
  `dayStart` time NOT NULL,
  `dayEnd` time NOT NULL,
  PRIMARY KEY (`dayOfWeek`,`scheduleCol`),
  UNIQUE KEY `employeeId` (`employeeId`,`dayOfWeek`)
) ENGINE=MyISAM DEFAULT CHARSET=latin1;
/*!40101 SET character_set_client = @saved_cs_client */;

--
-- Dumping data for table `employeeSchedule`
--

LOCK TABLES `employeeSchedule` WRITE;
/*!40000 ALTER TABLE `employeeSchedule` DISABLE KEYS */;
INSERT INTO `employeeSchedule` VALUES (1,'Monday',-1,'00:00:00','00:00:00'),(1,'Tuesday',1,'11:00:00','18:00:00'),(1,'Wednesday',1,'11:00:00','18:00:00'),(1,'Thursday',1,'11:00:00','18:00:00'),(1,'Friday',1,'09:00:00','18:00:00'),(1,'Saturday',1,'09:00:00','15:00:00'),(2,'Monday',-2,'00:00:00','00:00:00'),(2,'Tuesday',2,'09:00:00','18:00:00'),(2,'Wednesday',2,'09:00:00','18:00:00'),(2,'Thursday',2,'09:00:00','18:00:00'),(2,'Friday',2,'09:00:00','18:00:00'),(2,'Saturday',2,'09:00:00','15:00:00'),(3,'Saturday',3,'15:30:00','18:00:00'),(10,'Saturday',7,'10:00:00','15:00:00'),(3,'Friday',3,'08:00:00','18:00:00'),(11,'Friday',4,'12:00:00','18:00:00'),(8,'Friday',5,'09:30:00','17:00:00'),(5,'Friday',6,'09:00:00','18:00:00'),(10,'Friday',7,'13:00:00','18:00:00'),(7,'Friday',8,'09:00:00','18:00:00'),(3,'Thursday',3,'08:00:00','18:00:00'),(4,'Thursday',4,'13:00:00','18:00:00'),(9,'Thursday',5,'09:00:00','18:00:00'),(5,'Thursday',6,'09:00:00','18:00:00'),(6,'Thursday',7,'09:00:00','18:00:00'),(7,'Thursday',8,'09:00:00','18:00:00'),(3,'Wednesday',3,'08:00:00','16:00:00'),(4,'Wednesday',4,'08:00:00','18:00:00'),(5,'Wednesday',6,'09:00:00','18:00:00'),(6,'Wednesday',7,'09:00:00','18:00:00'),(7,'Wednesday',8,'09:00:00','18:00:00'),(3,'Tuesday',3,'15:30:00','18:00:00'),(4,'Tuesday',4,'08:00:00','18:00:00'),(8,'Tuesday',5,'09:30:00','11:00:00'),(5,'Tuesday',6,'09:00:00','18:00:00'),(6,'Tuesday',7,'09:00:00','18:00:00'),(7,'Tuesday',8,'09:00:00','18:00:00'),(8,'Monday',-8,'00:00:00','00:00:00'),(8,'Wednesday',-8,'00:00:00','00:00:00'),(8,'Thursday',-8,'00:00:00','00:00:00'),(8,'Saturday',-8,'00:00:00','00:00:00'),(6,'Monday',-6,'00:00:00','00:00:00'),(6,'Friday',-6,'00:00:00','00:00:00'),(6,'Saturday',-6,'00:00:00','00:00:00'),(9,'Monday',-9,'00:00:00','00:00:00'),(9,'Tuesday',-9,'00:00:00','00:00:00'),(9,'Wednesday',-9,'00:00:00','00:00:00'),(9,'Friday',-9,'00:00:00','00:00:00'),(9,'Saturday',-9,'00:00:00','00:00:00'),(5,'Monday',-5,'00:00:00','00:00:00'),(5,'Saturday',-5,'00:00:00','00:00:00'),(10,'Monday',-10,'00:00:00','00:00:00'),(10,'Tuesday',-10,'00:00:00','00:00:00'),(10,'Wednesday',-10,'00:00:00','00:00:00'),(10,'Thursday',-10,'00:00:00','00:00:00'),(7,'Monday',-7,'00:00:00','00:00:00'),(7,'Saturday',-7,'00:00:00','00:00:00'),(3,'Monday',-3,'00:00:00','00:00:00'),(4,'Monday',-4,'00:00:00','00:00:00'),(4,'Friday',-4,'00:00:00','00:00:00'),(4,'Saturday',-4,'00:00:00','00:00:00'),(11,'Monday',-11,'00:00:00','00:00:00'),(11,'Tuesday',-11,'00:00:00','00:00:00'),(11,'Wednesday',-11,'00:00:00','00:00:00'),(11,'Thursday',-11,'00:00:00','00:00:00'),(11,'Saturday',-11,'00:00:00','00:00:00');
/*!40000 ALTER TABLE `employeeSchedule` ENABLE KEYS */;
UNLOCK TABLES;

--
-- Table structure for table `users`
--

DROP TABLE IF EXISTS `users`;
/*!40101 SET @saved_cs_client     = @@character_set_client */;
/*!40101 SET character_set_client = utf8 */;
CREATE TABLE `users` (
  `id` int(11) NOT NULL AUTO_INCREMENT,
  `username` varchar(30) NOT NULL,
  `password` varchar(50) NOT NULL,
  PRIMARY KEY (`id`),
  UNIQUE KEY `user` (`username`)
) ENGINE=MyISAM AUTO_INCREMENT=3 DEFAULT CHARSET=latin1;
/*!40101 SET character_set_client = @saved_cs_client */;

--
-- Dumping data for table `users`
--

LOCK TABLES `users` WRITE;
/*!40000 ALTER TABLE `users` DISABLE KEYS */;
INSERT INTO `users` VALUES (1,'alan','d22b2fff5b7bea23cb26689ed14617bb'),(2,'accent','2672db46c5d699e8438e5040874558ee');
/*!40000 ALTER TABLE `users` ENABLE KEYS */;
UNLOCK TABLES;
/*!40103 SET TIME_ZONE=@OLD_TIME_ZONE */;

/*!40101 SET SQL_MODE=@OLD_SQL_MODE */;
/*!40014 SET FOREIGN_KEY_CHECKS=@OLD_FOREIGN_KEY_CHECKS */;
/*!40014 SET UNIQUE_CHECKS=@OLD_UNIQUE_CHECKS */;
/*!40101 SET CHARACTER_SET_CLIENT=@OLD_CHARACTER_SET_CLIENT */;
/*!40101 SET CHARACTER_SET_RESULTS=@OLD_CHARACTER_SET_RESULTS */;
/*!40101 SET COLLATION_CONNECTION=@OLD_COLLATION_CONNECTION */;
/*!40111 SET SQL_NOTES=@OLD_SQL_NOTES */;

-- Dump completed on 2013-04-30 10:28:58
